<?xml version="1.0"?>
<!--
/*
 * @category    PayLater
 * @package     PayLater_PayLaterpay
 * @copyright   Copyright (c) PayLater (https://www.paylaterapp.com/)
 */
-->
<config xmlns:xsi="http://www.w3.org/2001/XMLSchema-instance" xsi:noNamespaceSchemaLocation="urn:magento:module:Magento_Config:etc/system_file.xsd">
    <system>
        <section id="payment">
            <group id="ppaylater" translate="label" type="text" sortOrder="100" showInDefault="1" showInWebsite="1" showInStore="1">
                
                <label><![CDATA[<div class="ppaylater-payment-logo"></div><div class="ppaylater-payment-byline">Shop Now. Pay Later.</div>]]></label>
                <fieldset_css>complex ppaylater-payment-section</fieldset_css>
                <frontend_model>PayLater\PayLaterpay\Block\Adminhtml\System\Config\Fieldset\Payment</frontend_model>
                <field id="simplepath" type="text" translate="label comment" sortOrder="10" showInDefault="1" showInWebsite="1" showInStore="1">
                    <frontend_model>PayLater\PayLaterpay\Block\Adminhtml\System\Config\Form\SpotiiRegisterConfig</frontend_model>
                </field>
                
                <group id="spotiipay_payment" translate="label" type="text" sortOrder="1" showInDefault="1" showInWebsite="1" showInStore="1">
                    <label><![CDATA[Payment Settings]]></label>
                    <field id="active" translate="label" type="select" sortOrder="10" showInDefault="1" showInWebsite="1" showInStore="1">
                        <label>Enabled</label>
                        <source_model>Magento\Config\Model\Config\Source\Yesno</source_model>
			<config_path>payment/ppaylater/active</config_path>
                    </field>
                    <field id="title" translate="label" type="text" sortOrder="20" showInDefault="1" showInWebsite="1" showInStore="1">
                        <label>Title</label>
			<config_path>payment/ppaylater/title</config_path>
                    </field>
                    <field id="api_key" translate="label" type="obscure" sortOrder="30" showInDefault="1" showInWebsite="1" showInStore="1">
                        <label>API Key</label>
                        <backend_model>Magento\Config\Model\Config\Backend\Encrypted</backend_model>
                        <config_path>payment/ppaylater/api_key</config_path>
                    </field>
                    <field id="merchant_id" translate="label" type="text" sortOrder="40" showInDefault="1" showInWebsite="1" showInStore="1">
                        <label>Merchant ID</label>
			<comment>Look for this in your PayLater Dashboard</comment>
                        <config_path>payment/ppaylater/merchant_id</config_path>
                    </field>
                    <field id="outlet_id" translate="label" type="text" sortOrder="50" showInDefault="1" showInWebsite="1" showInStore="1">
                        <label>Outlet ID</label>
                        <config_path>payment/ppaylater/outlet_id</config_path>
                    </field>
                    <field id="payment_mode" translate="label" type="select" sortOrder="60" showInDefault="1" showInWebsite="1" showInStore="1">
                        <label>Payment Mode</label>
                        <source_model>PayLater\PayLaterpay\Model\Config\Source\PaymentMode</source_model>
                        <config_path>payment/ppaylater/payment_mode</config_path>
                    </field>
                    <field id="log_enabled" translate="label" type="select" sortOrder="70" showInDefault="1" showInWebsite="1" showInStore="1">
                        <label>Enable Logging</label>
                        <source_model>Magento\Config\Model\Config\Source\Yesno</source_model>
			<comment>If yes, all PayLater actions will be logged</comment>
                        <config_path>payment/ppaylater/log_tracker</config_path>
                    </field>
                    <field id="sort_order" translate="label" type="text" sortOrder="80" showInDefault="1" showInWebsite="1" showInStore="1">
                        <label>Sort Order</label>
                        <frontend_class>validate-number</frontend_class>
                        <config_path>payment/ppaylater/sort_order</config_path>
                    </field>
		    <field id="payment_action" translate="label" type="select" sortOrder="20" showInDefault="1" showInWebsite="1" showInStore="1">
                        <label>Payment Action</label>
                        <source_model>PayLater\PayLaterpay\Model\Config\Source\Payment\PaymentAction</source_model>
                        <config_path>payment/ppaylater/payment_action</config_path>
                    </field>
                </group>

                <group id="spotiipay_widget" translate="label" type="text" sortOrder="20" showInDefault="1" showInWebsite="1" showInStore="1">
                    <label><![CDATA[Widget Settings]]></label>
                    <group id="spotiipay_widget_product_page" translate="label" type="text" sortOrder="20" showInDefault="1" showInWebsite="1" showInStore="1">
                        <label><![CDATA[Product Page]]></label>
                    <field id="xpath" translate="label" type="text" sortOrder="10" showInDefault="1" showInWebsite="1" showInStore="0">
                        <label>Price block selector</label>
                        <comment>
                            Path of the price element to watch for
                            For multiple, separate by |
                            Eg: .product-price/.price|.extra-info/.price-min
                        </comment>
                        <config_path>product/ppaylater/xpath</config_path>
                    </field>
                    <field id="renderXPath" translate="label" type="text" sortOrder="20" showInDefault="1" showInWebsite="1" showInStore="0">
                        <label>Product page: render to element path</label>
                        <comment>
                            Path of the element to which to render widget.
                            For multiple, separate by |
                            This path is relative to the corresponding price element.
                            So, the first path in this will be relative to the first path in Price block selector.
                            Second to the second and so on.
                            Eg: If .product-price/.price is the path to the price element and you want to
                            put the widget in the 2nd parent of that element, you should use ../..
                        </comment>
                        <config_path>product/ppaylater/render_x_path</config_path>
                    </field>
                    </group>
                </group>
            </group>
        </section>
    </system>
</config>
