<?xml version="1.0" encoding="utf-8" ?>
<!--
/*
 * @category    PayLater
 * @package     PayLater_PayLaterpay
 * @copyright   Copyright (c) PayLater (https://www.paylaterapp.com/)
 */
-->
<config xmlns:xsi="http://www.w3.org/2001/XMLSchema-instance" xsi:noNamespaceSchemaLocation="urn:magento:framework:ObjectManager/etc/config.xsd">
	<type name="Magento\Sales\Controller\Adminhtml\Order\Invoice\Save">
        <plugin name="delayed_capture" type="PayLater\PayLaterpay\Plugin\Sales\Controller\Adminhtml\Order\Invoice\SavePlugin" sortOrder="10"/>
    </type>
    <type name="Magento\Framework\View\Element\Message\MessageConfigurationsPool">
        <arguments>
            <argument name="configurationsMap" xsi:type="array">
                <item name="addCaptureErrorMessage" xsi:type="array">
                    <item name="renderer" xsi:type="const">\Magento\Framework\View\Element\Message\Renderer\BlockRenderer::CODE</item>
                    <item name="data" xsi:type="array">
                        <item name="template" xsi:type="string">PayLater_PayLaterpay::messages/addCaptureErrorMessage.phtml</item>
                    </item>
                </item>
            </argument>
        </arguments>
    </type>
</config>
