<?xml version="1.0" encoding="UTF-8" ?>
<!--
/*
 * @category    PayLater
 * @package     PayLater_PayLaterpay
 * @copyright   Copyright (c) PayLater (https://www.paylaterapp.com/)
 */
-->
<config xmlns:xsi="http://www.w3.org/2001/XMLSchema-instance" xsi:noNamespaceSchemaLocation="urn:magento:framework:Module/etc/module.xsd">
      <module name="PayLater_PayLaterpay" setup_version="2.0.0">
            <sequence>
                  <module name="Magento_Sales" />
                  <module name="Magento_Payment" />
                  <module name="Magento_Directory" />
                  <module name="Magento_Config" />
                  <module name="Magento_Checkout"/>
            </sequence>
      </module>
</config>
