<?xml version="1.0" encoding="UTF-8" ?>
<!--
/*
 * @category    PayLater
 * @package     PayLater_PayLaterpay
 * @copyright   Copyright (c) PayLater (https://www.paylaterapp.com/)
 */
-->
<config xmlns:xsi="http://www.w3.org/2001/XMLSchema-instance" xsi:noNamespaceSchemaLocation="urn:magento:framework:ObjectManager/etc/config.xsd">
    <type name="Magento\Checkout\Model\CompositeConfigProvider">
        <arguments>
            <argument name="configProviders" xsi:type="array">
                <item name="ppaylater" xsi:type="object">PayLater\PayLaterpay\Model\SpotiiConfigProvider</item>
            </argument>
        </arguments>
    </type>
	<preference for="PayLater\PayLaterpay\Model\Api\ConfigInterface" type="PayLater\PayLaterpay\Model\Api\Config"/>
	<preference for="PayLater\PayLaterpay\Model\Api\ProcessorInterface" type="PayLater\PayLaterpay\Model\Api\Processor"/>
	<preference for="PayLater\PayLaterpay\Model\Config\Container\SpotiiApiConfigInterface" type="PayLater\PayLaterpay\Model\Config\Container\SpotiiApiIdentity"/>
	<preference for="PayLater\PayLaterpay\Model\Config\Container\ProductWidgetConfigInterface" type="PayLater\PayLaterpay\Model\Config\Container\ProductWidgetIdentity"/>
</config>
