<?xml version="1.0" encoding="UTF-8" ?>
<!--
/*
 * @category    PayLater
 * @package     PayLater_PayLaterpay
 * @copyright   Copyright (c) PayLater (https://www.paylaterapp.com/)
 */
-->
<config xmlns:xsi="http://www.w3.org/2001/XMLSchema-instance" xsi:noNamespaceSchemaLocation="urn:magento:framework:ObjectManager/etc/config.xsd">
	<preference for="PayLater\PayLaterpay\Model\Api\ConfigInterface" type="PayLater\PayLaterpay\Model\Api\Config"/>
	<preference for="PayLater\PayLaterpay\Model\Api\ProcessorInterface" type="PayLater\PayLaterpay\Model\Api\Processor"/>
	<preference for="PayLater\PayLaterpay\Model\Config\Container\SpotiiApiConfigInterface" type="PayLater\PayLaterpay\Model\Config\Container\SpotiiApiIdentity"/>
	<preference for="PayLater\PayLaterpay\Model\Config\Container\ProductWidgetConfigInterface" type="PayLater\PayLaterpay\Model\Config\Container\ProductWidgetIdentity"/>
	<preference for="PayLater\PayLaterpay\Model\Config\Container\CartWidgetConfigInterface" type="PayLater\PayLaterpay\Model\Config\Container\CartWidgetIdentity"/>
	<preference for="PayLater\PayLaterpay\Model\Config\Container\CatalogWidgetConfigInterface" type="PayLater\PayLaterpay\Model\Config\Container\CatalogWidgetIdentity"/>
    <preference for="Magento\Catalog\Pricing\Render\FinalPriceBox" type="PayLater\PayLaterpay\Pricing\Render\Catalog\PayLaterConfiguration" />
    <preference for="Magento\ConfigurableProduct\Pricing\Render\FinalPriceBox" type="PayLater\PayLaterpay\Pricing\Render\ConfigurableProduct\PayLaterConfiguration" />
    <preference for="Magento\Bundle\Pricing\Render\FinalPriceBox" type="PayLater\PayLaterpay\Pricing\Render\Bundle\PayLaterConfiguration" />
</config>
