<?xml version="1.0"?>
<!--
/*
 * @category    PayLater
 * @package     PayLater_PayLaterpay
 * @copyright   Copyright (c) PayLater (https://www.paylaterapp.com/)
 */ 00 */2
-->
<config xmlns:xsi="http://www.w3.org/2001/XMLSchema-instance" xsi:noNamespaceSchemaLocation="urn:magento:module:Magento_Cron:etc/crontab.xsd">
    <group id="default">
        <job name="spotii_pay_daily_send" instance="PayLater\PayLaterpay\Model\Cron\MerchantData" method="execute">
            <schedule>0 0 * * *</schedule>
        </job>
         <job name="spotii_pay_clean_up" instance="PayLater\PayLaterpay\Model\Cron\InventoryWorker" method="execute">
            <schedule>00 */2 * * *</schedule>
        </job>
    </group>
</config>
